"Kod";"Jednostka terytorialna";"Kierunki wykorzystania powierzchni";"Lata";"Jednostka miary";"Wartość";
"1465011";"M.st.Warszawa (1)";"ogółem";"2014";"ha";51724;
"1465011";"M.st.Warszawa (1)";"użytki rolne razem";"2014";"ha";11813;
"1465011";"M.st.Warszawa (1)";"użytki rolne - grunty orne";"2014";"ha";8791;
"1465011";"M.st.Warszawa (1)";"użytki rolne - sady";"2014";"ha";223;
"1465011";"M.st.Warszawa (1)";"użytki rolne - łąki trwałe";"2014";"ha";1468;
"1465011";"M.st.Warszawa (1)";"użytki rolne - pastwiska trwałe";"2014";"ha";721;
"1465011";"M.st.Warszawa (1)";"użytki rolne - grunty rolne zabudowane";"2014";"ha";476;
"1465011";"M.st.Warszawa (1)";"użytki rolne - grunty pod stawami";"2014";"ha";0;
"1465011";"M.st.Warszawa (1)";"użytki rolne - grunty pod rowami";"2014";"ha";134;
"1465011";"M.st.Warszawa (1)";"grunty leśne oraz zadrzewione i zakrzewione razem";"2014";"ha";8778;
"1465011";"M.st.Warszawa (1)";"grunty leśne oraz zadrzewione i zakrzewione - lasy";"2014";"ha";8022;
"1465011";"M.st.Warszawa (1)";"grunty leśne oraz zadrzewione i zakrzewione - grunty zadrzewione i zakrzewione";"2014";"ha";756;
"1465011";"M.st.Warszawa (1)";"grunty pod wodami razem";"2014";"ha";1735;
"1465011";"M.st.Warszawa (1)";"grunty pod wodami morskimi wewnętrznymi";"2014";"ha";0;
"1465011";"M.st.Warszawa (1)";"grunty pod wodami powierzchniowymi płynącymi";"2014";"ha";1627;
"1465011";"M.st.Warszawa (1)";"grunty pod wodami powierzchniowymi stojącymi";"2014";"ha";108;
"1465011";"M.st.Warszawa (1)";"grunty zabudowane i zurbanizowane razem";"2014";"ha";28646;
"1465011";"M.st.Warszawa (1)";"grunty zabudowane i zurbanizowane - tereny mieszkaniowe";"2014";"ha";9486;
"1465011";"M.st.Warszawa (1)";"grunty zabudowane i zurbanizowane - tereny przemysłowe";"2014";"ha";2559;
"1465011";"M.st.Warszawa (1)";"grunty zabudowane i zurbanizowane - tereny inne zabudowane";"2014";"ha";5848;
"1465011";"M.st.Warszawa (1)";"grunty zabudowane i zurbanizowane - tereny zurbanizowane niezabudowane";"2014";"ha";1076;
"1465011";"M.st.Warszawa (1)";"grunty zabudowane i zurbanizowane - tereny rekreacji i wypoczynku";"2014";"ha";1571;
"1465011";"M.st.Warszawa (1)";"grunty zabudowane i zurbanizowane - tereny komunikacyjne - drogi";"2014";"ha";6153;
"1465011";"M.st.Warszawa (1)";"grunty zabudowane i zurbanizowane - tereny komunikacyjne - kolejowe";"2014";"ha";1333;
"1465011";"M.st.Warszawa (1)";"grunty zabudowane i zurbanizowane - tereny komunikacyjne - inne";"2014";"ha";620;
"1465011";"M.st.Warszawa (1)";"grunty zabudowane i zurbanizowane - użytki kopalne";"2014";"ha";0;
"1465011";"M.st.Warszawa (1)";"użytki ekologiczne";"2014";"ha";13;
"1465011";"M.st.Warszawa (1)";"nieużytki";"2014";"ha";385;
"1465011";"M.st.Warszawa (1)";"tereny różne";"2014";"ha";354;
"1465028";"Bemowo - dzielnica (8)";"ogółem";"2014";"ha";2495;
"1465028";"Bemowo - dzielnica (8)";"użytki rolne razem";"2014";"ha";447;
"1465028";"Bemowo - dzielnica (8)";"użytki rolne - grunty orne";"2014";"ha";412;
"1465028";"Bemowo - dzielnica (8)";"użytki rolne - sady";"2014";"ha";0;
"1465028";"Bemowo - dzielnica (8)";"użytki rolne - łąki trwałe";"2014";"ha";0;
"1465028";"Bemowo - dzielnica (8)";"użytki rolne - pastwiska trwałe";"2014";"ha";1;
"1465028";"Bemowo - dzielnica (8)";"użytki rolne - grunty rolne zabudowane";"2014";"ha";30;
"1465028";"Bemowo - dzielnica (8)";"użytki rolne - grunty pod stawami";"2014";"ha";0;
"1465028";"Bemowo - dzielnica (8)";"użytki rolne - grunty pod rowami";"2014";"ha";4;
"1465028";"Bemowo - dzielnica (8)";"grunty leśne oraz zadrzewione i zakrzewione razem";"2014";"ha";261;
"1465028";"Bemowo - dzielnica (8)";"grunty leśne oraz zadrzewione i zakrzewione - lasy";"2014";"ha";246;
"1465028";"Bemowo - dzielnica (8)";"grunty leśne oraz zadrzewione i zakrzewione - grunty zadrzewione i zakrzewione";"2014";"ha";15;
"1465028";"Bemowo - dzielnica (8)";"grunty pod wodami razem";"2014";"ha";5;
"1465028";"Bemowo - dzielnica (8)";"grunty pod wodami morskimi wewnętrznymi";"2014";"ha";0;
"1465028";"Bemowo - dzielnica (8)";"grunty pod wodami powierzchniowymi płynącymi";"2014";"ha";2;
"1465028";"Bemowo - dzielnica (8)";"grunty pod wodami powierzchniowymi stojącymi";"2014";"ha";3;
"1465028";"Bemowo - dzielnica (8)";"grunty zabudowane i zurbanizowane razem";"2014";"ha";1765;
"1465028";"Bemowo - dzielnica (8)";"grunty zabudowane i zurbanizowane - tereny mieszkaniowe";"2014";"ha";554;
"1465028";"Bemowo - dzielnica (8)";"grunty zabudowane i zurbanizowane - tereny przemysłowe";"2014";"ha";55;
"1465028";"Bemowo - dzielnica (8)";"grunty zabudowane i zurbanizowane - tereny inne zabudowane";"2014";"ha";685;
"1465028";"Bemowo - dzielnica (8)";"grunty zabudowane i zurbanizowane - tereny zurbanizowane niezabudowane";"2014";"ha";42;
"1465028";"Bemowo - dzielnica (8)";"grunty zabudowane i zurbanizowane - tereny rekreacji i wypoczynku";"2014";"ha";42;
"1465028";"Bemowo - dzielnica (8)";"grunty zabudowane i zurbanizowane - tereny komunikacyjne - drogi";"2014";"ha";307;
"1465028";"Bemowo - dzielnica (8)";"grunty zabudowane i zurbanizowane - tereny komunikacyjne - kolejowe";"2014";"ha";78;
"1465028";"Bemowo - dzielnica (8)";"grunty zabudowane i zurbanizowane - tereny komunikacyjne - inne";"2014";"ha";2;
"1465028";"Bemowo - dzielnica (8)";"grunty zabudowane i zurbanizowane - użytki kopalne";"2014";"ha";0;
"1465028";"Bemowo - dzielnica (8)";"użytki ekologiczne";"2014";"ha";0;
"1465028";"Bemowo - dzielnica (8)";"nieużytki";"2014";"ha";17;
"1465028";"Bemowo - dzielnica (8)";"tereny różne";"2014";"ha";0;
"1465038";"Białołęka - dzielnica (8)";"ogółem";"2014";"ha";7304;
"1465038";"Białołęka - dzielnica (8)";"użytki rolne razem";"2014";"ha";2797;
"1465038";"Białołęka - dzielnica (8)";"użytki rolne - grunty orne";"2014";"ha";1655;
"1465038";"Białołęka - dzielnica (8)";"użytki rolne - sady";"2014";"ha";39;
"1465038";"Białołęka - dzielnica (8)";"użytki rolne - łąki trwałe";"2014";"ha";731;
"1465038";"Białołęka - dzielnica (8)";"użytki rolne - pastwiska trwałe";"2014";"ha";236;
"1465038";"Białołęka - dzielnica (8)";"użytki rolne - grunty rolne zabudowane";"2014";"ha";106;
"1465038";"Białołęka - dzielnica (8)";"użytki rolne - grunty pod stawami";"2014";"ha";0;
"1465038";"Białołęka - dzielnica (8)";"użytki rolne - grunty pod rowami";"2014";"ha";30;
"1465038";"Białołęka - dzielnica (8)";"grunty leśne oraz zadrzewione i zakrzewione razem";"2014";"ha";1148;
"1465038";"Białołęka - dzielnica (8)";"grunty leśne oraz zadrzewione i zakrzewione - lasy";"2014";"ha";920;
"1465038";"Białołęka - dzielnica (8)";"grunty leśne oraz zadrzewione i zakrzewione - grunty zadrzewione i zakrzewione";"2014";"ha";228;
"1465038";"Białołęka - dzielnica (8)";"grunty pod wodami razem";"2014";"ha";355;
"1465038";"Białołęka - dzielnica (8)";"grunty pod wodami morskimi wewnętrznymi";"2014";"ha";0;
"1465038";"Białołęka - dzielnica (8)";"grunty pod wodami powierzchniowymi płynącymi";"2014";"ha";332;
"1465038";"Białołęka - dzielnica (8)";"grunty pod wodami powierzchniowymi stojącymi";"2014";"ha";23;
"1465038";"Białołęka - dzielnica (8)";"grunty zabudowane i zurbanizowane razem";"2014";"ha";2905;
"1465038";"Białołęka - dzielnica (8)";"grunty zabudowane i zurbanizowane - tereny mieszkaniowe";"2014";"ha";1161;
"1465038";"Białołęka - dzielnica (8)";"grunty zabudowane i zurbanizowane - tereny przemysłowe";"2014";"ha";578;
"1465038";"Białołęka - dzielnica (8)";"grunty zabudowane i zurbanizowane - tereny inne zabudowane";"2014";"ha";340;
"1465038";"Białołęka - dzielnica (8)";"grunty zabudowane i zurbanizowane - tereny zurbanizowane niezabudowane";"2014";"ha";119;
"1465038";"Białołęka - dzielnica (8)";"grunty zabudowane i zurbanizowane - tereny rekreacji i wypoczynku";"2014";"ha";14;
"1465038";"Białołęka - dzielnica (8)";"grunty zabudowane i zurbanizowane - tereny komunikacyjne - drogi";"2014";"ha";556;
"1465038";"Białołęka - dzielnica (8)";"grunty zabudowane i zurbanizowane - tereny komunikacyjne - kolejowe";"2014";"ha";125;
"1465038";"Białołęka - dzielnica (8)";"grunty zabudowane i zurbanizowane - tereny komunikacyjne - inne";"2014";"ha";12;
"1465038";"Białołęka - dzielnica (8)";"grunty zabudowane i zurbanizowane - użytki kopalne";"2014";"ha";0;
"1465038";"Białołęka - dzielnica (8)";"użytki ekologiczne";"2014";"ha";0;
"1465038";"Białołęka - dzielnica (8)";"nieużytki";"2014";"ha";43;
"1465038";"Białołęka - dzielnica (8)";"tereny różne";"2014";"ha";56;
"1465048";"Bielany - dzielnica (8)";"ogółem";"2014";"ha";3234;
"1465048";"Bielany - dzielnica (8)";"użytki rolne razem";"2014";"ha";334;
"1465048";"Bielany - dzielnica (8)";"użytki rolne - grunty orne";"2014";"ha";265;
"1465048";"Bielany - dzielnica (8)";"użytki rolne - sady";"2014";"ha";1;
"1465048";"Bielany - dzielnica (8)";"użytki rolne - łąki trwałe";"2014";"ha";36;
"1465048";"Bielany - dzielnica (8)";"użytki rolne - pastwiska trwałe";"2014";"ha";14;
"1465048";"Bielany - dzielnica (8)";"użytki rolne - grunty rolne zabudowane";"2014";"ha";8;
"1465048";"Bielany - dzielnica (8)";"użytki rolne - grunty pod stawami";"2014";"ha";0;
"1465048";"Bielany - dzielnica (8)";"użytki rolne - grunty pod rowami";"2014";"ha";10;
"1465048";"Bielany - dzielnica (8)";"grunty leśne oraz zadrzewione i zakrzewione razem";"2014";"ha";796;
"1465048";"Bielany - dzielnica (8)";"grunty leśne oraz zadrzewione i zakrzewione - lasy";"2014";"ha";690;
"1465048";"Bielany - dzielnica (8)";"grunty leśne oraz zadrzewione i zakrzewione - grunty zadrzewione i zakrzewione";"2014";"ha";106;
"1465048";"Bielany - dzielnica (8)";"grunty pod wodami razem";"2014";"ha";174;
"1465048";"Bielany - dzielnica (8)";"grunty pod wodami morskimi wewnętrznymi";"2014";"ha";0;
"1465048";"Bielany - dzielnica (8)";"grunty pod wodami powierzchniowymi płynącymi";"2014";"ha";171;
"1465048";"Bielany - dzielnica (8)";"grunty pod wodami powierzchniowymi stojącymi";"2014";"ha";3;
"1465048";"Bielany - dzielnica (8)";"grunty zabudowane i zurbanizowane razem";"2014";"ha";1873;
"1465048";"Bielany - dzielnica (8)";"grunty zabudowane i zurbanizowane - tereny mieszkaniowe";"2014";"ha";575;
"1465048";"Bielany - dzielnica (8)";"grunty zabudowane i zurbanizowane - tereny przemysłowe";"2014";"ha";328;
"1465048";"Bielany - dzielnica (8)";"grunty zabudowane i zurbanizowane - tereny inne zabudowane";"2014";"ha";410;
"1465048";"Bielany - dzielnica (8)";"grunty zabudowane i zurbanizowane - tereny zurbanizowane niezabudowane";"2014";"ha";110;
"1465048";"Bielany - dzielnica (8)";"grunty zabudowane i zurbanizowane - tereny rekreacji i wypoczynku";"2014";"ha";51;
"1465048";"Bielany - dzielnica (8)";"grunty zabudowane i zurbanizowane - tereny komunikacyjne - drogi";"2014";"ha";368;
"1465048";"Bielany - dzielnica (8)";"grunty zabudowane i zurbanizowane - tereny komunikacyjne - kolejowe";"2014";"ha";11;
"1465048";"Bielany - dzielnica (8)";"grunty zabudowane i zurbanizowane - tereny komunikacyjne - inne";"2014";"ha";20;
"1465048";"Bielany - dzielnica (8)";"grunty zabudowane i zurbanizowane - użytki kopalne";"2014";"ha";0;
"1465048";"Bielany - dzielnica (8)";"użytki ekologiczne";"2014";"ha";5;
"1465048";"Bielany - dzielnica (8)";"nieużytki";"2014";"ha";15;
"1465048";"Bielany - dzielnica (8)";"tereny różne";"2014";"ha";37;
"1465058";"Mokotów - dzielnica (8)";"ogółem";"2014";"ha";3542;
"1465058";"Mokotów - dzielnica (8)";"użytki rolne razem";"2014";"ha";757;
"1465058";"Mokotów - dzielnica (8)";"użytki rolne - grunty orne";"2014";"ha";627;
"1465058";"Mokotów - dzielnica (8)";"użytki rolne - sady";"2014";"ha";32;
"1465058";"Mokotów - dzielnica (8)";"użytki rolne - łąki trwałe";"2014";"ha";48;
"1465058";"Mokotów - dzielnica (8)";"użytki rolne - pastwiska trwałe";"2014";"ha";37;
"1465058";"Mokotów - dzielnica (8)";"użytki rolne - grunty rolne zabudowane";"2014";"ha";13;
"1465058";"Mokotów - dzielnica (8)";"użytki rolne - grunty pod stawami";"2014";"ha";0;
"1465058";"Mokotów - dzielnica (8)";"użytki rolne - grunty pod rowami";"2014";"ha";0;
"1465058";"Mokotów - dzielnica (8)";"grunty leśne oraz zadrzewione i zakrzewione razem";"2014";"ha";32;
"1465058";"Mokotów - dzielnica (8)";"grunty leśne oraz zadrzewione i zakrzewione - lasy";"2014";"ha";0;
"1465058";"Mokotów - dzielnica (8)";"grunty leśne oraz zadrzewione i zakrzewione - grunty zadrzewione i zakrzewione";"2014";"ha";32;
"1465058";"Mokotów - dzielnica (8)";"grunty pod wodami razem";"2014";"ha";124;
"1465058";"Mokotów - dzielnica (8)";"grunty pod wodami morskimi wewnętrznymi";"2014";"ha";0;
"1465058";"Mokotów - dzielnica (8)";"grunty pod wodami powierzchniowymi płynącymi";"2014";"ha";100;
"1465058";"Mokotów - dzielnica (8)";"grunty pod wodami powierzchniowymi stojącymi";"2014";"ha";24;
"1465058";"Mokotów - dzielnica (8)";"grunty zabudowane i zurbanizowane razem";"2014";"ha";2486;
"1465058";"Mokotów - dzielnica (8)";"grunty zabudowane i zurbanizowane - tereny mieszkaniowe";"2014";"ha";795;
"1465058";"Mokotów - dzielnica (8)";"grunty zabudowane i zurbanizowane - tereny przemysłowe";"2014";"ha";193;
"1465058";"Mokotów - dzielnica (8)";"grunty zabudowane i zurbanizowane - tereny inne zabudowane";"2014";"ha";594;
"1465058";"Mokotów - dzielnica (8)";"grunty zabudowane i zurbanizowane - tereny zurbanizowane niezabudowane";"2014";"ha";60;
"1465058";"Mokotów - dzielnica (8)";"grunty zabudowane i zurbanizowane - tereny rekreacji i wypoczynku";"2014";"ha";177;
"1465058";"Mokotów - dzielnica (8)";"grunty zabudowane i zurbanizowane - tereny komunikacyjne - drogi";"2014";"ha";626;
"1465058";"Mokotów - dzielnica (8)";"grunty zabudowane i zurbanizowane - tereny komunikacyjne - kolejowe";"2014";"ha";14;
"1465058";"Mokotów - dzielnica (8)";"grunty zabudowane i zurbanizowane - tereny komunikacyjne - inne";"2014";"ha";27;
"1465058";"Mokotów - dzielnica (8)";"grunty zabudowane i zurbanizowane - użytki kopalne";"2014";"ha";0;
"1465058";"Mokotów - dzielnica (8)";"użytki ekologiczne";"2014";"ha";0;
"1465058";"Mokotów - dzielnica (8)";"nieużytki";"2014";"ha";71;
"1465058";"Mokotów - dzielnica (8)";"tereny różne";"2014";"ha";72;
"1465068";"Ochota - dzielnica (8)";"ogółem";"2014";"ha";972;
"1465068";"Ochota - dzielnica (8)";"użytki rolne razem";"2014";"ha";25;
"1465068";"Ochota - dzielnica (8)";"użytki rolne - grunty orne";"2014";"ha";23;
"1465068";"Ochota - dzielnica (8)";"użytki rolne - sady";"2014";"ha";1;
"1465068";"Ochota - dzielnica (8)";"użytki rolne - łąki trwałe";"2014";"ha";0;
"1465068";"Ochota - dzielnica (8)";"użytki rolne - pastwiska trwałe";"2014";"ha";0;
"1465068";"Ochota - dzielnica (8)";"użytki rolne - grunty rolne zabudowane";"2014";"ha";1;
"1465068";"Ochota - dzielnica (8)";"użytki rolne - grunty pod stawami";"2014";"ha";0;
"1465068";"Ochota - dzielnica (8)";"użytki rolne - grunty pod rowami";"2014";"ha";0;
"1465068";"Ochota - dzielnica (8)";"grunty leśne oraz zadrzewione i zakrzewione razem";"2014";"ha";0;
"1465068";"Ochota - dzielnica (8)";"grunty leśne oraz zadrzewione i zakrzewione - lasy";"2014";"ha";0;
"1465068";"Ochota - dzielnica (8)";"grunty leśne oraz zadrzewione i zakrzewione - grunty zadrzewione i zakrzewione";"2014";"ha";0;
"1465068";"Ochota - dzielnica (8)";"grunty pod wodami razem";"2014";"ha";0;
"1465068";"Ochota - dzielnica (8)";"grunty pod wodami morskimi wewnętrznymi";"2014";"ha";0;
"1465068";"Ochota - dzielnica (8)";"grunty pod wodami powierzchniowymi płynącymi";"2014";"ha";0;
"1465068";"Ochota - dzielnica (8)";"grunty pod wodami powierzchniowymi stojącymi";"2014";"ha";0;
"1465068";"Ochota - dzielnica (8)";"grunty zabudowane i zurbanizowane razem";"2014";"ha";942;
"1465068";"Ochota - dzielnica (8)";"grunty zabudowane i zurbanizowane - tereny mieszkaniowe";"2014";"ha";261;
"1465068";"Ochota - dzielnica (8)";"grunty zabudowane i zurbanizowane - tereny przemysłowe";"2014";"ha";53;
"1465068";"Ochota - dzielnica (8)";"grunty zabudowane i zurbanizowane - tereny inne zabudowane";"2014";"ha";269;
"1465068";"Ochota - dzielnica (8)";"grunty zabudowane i zurbanizowane - tereny zurbanizowane niezabudowane";"2014";"ha";14;
"1465068";"Ochota - dzielnica (8)";"grunty zabudowane i zurbanizowane - tereny rekreacji i wypoczynku";"2014";"ha";114;
"1465068";"Ochota - dzielnica (8)";"grunty zabudowane i zurbanizowane - tereny komunikacyjne - drogi";"2014";"ha";202;
"1465068";"Ochota - dzielnica (8)";"grunty zabudowane i zurbanizowane - tereny komunikacyjne - kolejowe";"2014";"ha";27;
"1465068";"Ochota - dzielnica (8)";"grunty zabudowane i zurbanizowane - tereny komunikacyjne - inne";"2014";"ha";2;
"1465068";"Ochota - dzielnica (8)";"grunty zabudowane i zurbanizowane - użytki kopalne";"2014";"ha";0;
"1465068";"Ochota - dzielnica (8)";"użytki ekologiczne";"2014";"ha";0;
"1465068";"Ochota - dzielnica (8)";"nieużytki";"2014";"ha";5;
"1465068";"Ochota - dzielnica (8)";"tereny różne";"2014";"ha";0;
"1465078";"Praga-Południe - dzielnica (8)";"ogółem";"2014";"ha";2238;
"1465078";"Praga-Południe - dzielnica (8)";"użytki rolne razem";"2014";"ha";128;
"1465078";"Praga-Południe - dzielnica (8)";"użytki rolne - grunty orne";"2014";"ha";123;
"1465078";"Praga-Południe - dzielnica (8)";"użytki rolne - sady";"2014";"ha";1;
"1465078";"Praga-Południe - dzielnica (8)";"użytki rolne - łąki trwałe";"2014";"ha";0;
"1465078";"Praga-Południe - dzielnica (8)";"użytki rolne - pastwiska trwałe";"2014";"ha";2;
"1465078";"Praga-Południe - dzielnica (8)";"użytki rolne - grunty rolne zabudowane";"2014";"ha";1;
"1465078";"Praga-Południe - dzielnica (8)";"użytki rolne - grunty pod stawami";"2014";"ha";0;
"1465078";"Praga-Południe - dzielnica (8)";"użytki rolne - grunty pod rowami";"2014";"ha";1;
"1465078";"Praga-Południe - dzielnica (8)";"grunty leśne oraz zadrzewione i zakrzewione razem";"2014";"ha";65;
"1465078";"Praga-Południe - dzielnica (8)";"grunty leśne oraz zadrzewione i zakrzewione - lasy";"2014";"ha";64;
"1465078";"Praga-Południe - dzielnica (8)";"grunty leśne oraz zadrzewione i zakrzewione - grunty zadrzewione i zakrzewione";"2014";"ha";1;
"1465078";"Praga-Południe - dzielnica (8)";"grunty pod wodami razem";"2014";"ha";149;
"1465078";"Praga-Południe - dzielnica (8)";"grunty pod wodami morskimi wewnętrznymi";"2014";"ha";0;
"1465078";"Praga-Południe - dzielnica (8)";"grunty pod wodami powierzchniowymi płynącymi";"2014";"ha";147;
"1465078";"Praga-Południe - dzielnica (8)";"grunty pod wodami powierzchniowymi stojącymi";"2014";"ha";2;
"1465078";"Praga-Południe - dzielnica (8)";"grunty zabudowane i zurbanizowane razem";"2014";"ha";1875;
"1465078";"Praga-Południe - dzielnica (8)";"grunty zabudowane i zurbanizowane - tereny mieszkaniowe";"2014";"ha";599;
"1465078";"Praga-Południe - dzielnica (8)";"grunty zabudowane i zurbanizowane - tereny przemysłowe";"2014";"ha";112;
"1465078";"Praga-Południe - dzielnica (8)";"grunty zabudowane i zurbanizowane - tereny inne zabudowane";"2014";"ha";220;
"1465078";"Praga-Południe - dzielnica (8)";"grunty zabudowane i zurbanizowane - tereny zurbanizowane niezabudowane";"2014";"ha";82;
"1465078";"Praga-Południe - dzielnica (8)";"grunty zabudowane i zurbanizowane - tereny rekreacji i wypoczynku";"2014";"ha";186;
"1465078";"Praga-Południe - dzielnica (8)";"grunty zabudowane i zurbanizowane - tereny komunikacyjne - drogi";"2014";"ha";414;
"1465078";"Praga-Południe - dzielnica (8)";"grunty zabudowane i zurbanizowane - tereny komunikacyjne - kolejowe";"2014";"ha";251;
"1465078";"Praga-Południe - dzielnica (8)";"grunty zabudowane i zurbanizowane - tereny komunikacyjne - inne";"2014";"ha";11;
"1465078";"Praga-Południe - dzielnica (8)";"grunty zabudowane i zurbanizowane - użytki kopalne";"2014";"ha";0;
"1465078";"Praga-Południe - dzielnica (8)";"użytki ekologiczne";"2014";"ha";0;
"1465078";"Praga-Południe - dzielnica (8)";"nieużytki";"2014";"ha";2;
"1465078";"Praga-Południe - dzielnica (8)";"tereny różne";"2014";"ha";19;
"1465088";"Praga-Północ - dzielnica (8)";"ogółem";"2014";"ha";1142;
"1465088";"Praga-Północ - dzielnica (8)";"użytki rolne razem";"2014";"ha";38;
"1465088";"Praga-Północ - dzielnica (8)";"użytki rolne - grunty orne";"2014";"ha";38;
"1465088";"Praga-Północ - dzielnica (8)";"użytki rolne - sady";"2014";"ha";0;
"1465088";"Praga-Północ - dzielnica (8)";"użytki rolne - łąki trwałe";"2014";"ha";0;
"1465088";"Praga-Północ - dzielnica (8)";"użytki rolne - pastwiska trwałe";"2014";"ha";0;
"1465088";"Praga-Północ - dzielnica (8)";"użytki rolne - grunty rolne zabudowane";"2014";"ha";0;
"1465088";"Praga-Północ - dzielnica (8)";"użytki rolne - grunty pod stawami";"2014";"ha";0;
"1465088";"Praga-Północ - dzielnica (8)";"użytki rolne - grunty pod rowami";"2014";"ha";0;
"1465088";"Praga-Północ - dzielnica (8)";"grunty leśne oraz zadrzewione i zakrzewione razem";"2014";"ha";0;
"1465088";"Praga-Północ - dzielnica (8)";"grunty leśne oraz zadrzewione i zakrzewione - lasy";"2014";"ha";0;
"1465088";"Praga-Północ - dzielnica (8)";"grunty leśne oraz zadrzewione i zakrzewione - grunty zadrzewione i zakrzewione";"2014";"ha";0;
"1465088";"Praga-Północ - dzielnica (8)";"grunty pod wodami razem";"2014";"ha";146;
"1465088";"Praga-Północ - dzielnica (8)";"grunty pod wodami morskimi wewnętrznymi";"2014";"ha";0;
"1465088";"Praga-Północ - dzielnica (8)";"grunty pod wodami powierzchniowymi płynącymi";"2014";"ha";135;
"1465088";"Praga-Północ - dzielnica (8)";"grunty pod wodami powierzchniowymi stojącymi";"2014";"ha";11;
"1465088";"Praga-Północ - dzielnica (8)";"grunty zabudowane i zurbanizowane razem";"2014";"ha";914;
"1465088";"Praga-Północ - dzielnica (8)";"grunty zabudowane i zurbanizowane - tereny mieszkaniowe";"2014";"ha";141;
"1465088";"Praga-Północ - dzielnica (8)";"grunty zabudowane i zurbanizowane - tereny przemysłowe";"2014";"ha";149;
"1465088";"Praga-Północ - dzielnica (8)";"grunty zabudowane i zurbanizowane - tereny inne zabudowane";"2014";"ha";153;
"1465088";"Praga-Północ - dzielnica (8)";"grunty zabudowane i zurbanizowane - tereny zurbanizowane niezabudowane";"2014";"ha";29;
"1465088";"Praga-Północ - dzielnica (8)";"grunty zabudowane i zurbanizowane - tereny rekreacji i wypoczynku";"2014";"ha";87;
"1465088";"Praga-Północ - dzielnica (8)";"grunty zabudowane i zurbanizowane - tereny komunikacyjne - drogi";"2014";"ha";192;
"1465088";"Praga-Północ - dzielnica (8)";"grunty zabudowane i zurbanizowane - tereny komunikacyjne - kolejowe";"2014";"ha";162;
"1465088";"Praga-Północ - dzielnica (8)";"grunty zabudowane i zurbanizowane - tereny komunikacyjne - inne";"2014";"ha";1;
"1465088";"Praga-Północ - dzielnica (8)";"grunty zabudowane i zurbanizowane - użytki kopalne";"2014";"ha";0;
"1465088";"Praga-Północ - dzielnica (8)";"użytki ekologiczne";"2014";"ha";0;
"1465088";"Praga-Północ - dzielnica (8)";"nieużytki";"2014";"ha";29;
"1465088";"Praga-Północ - dzielnica (8)";"tereny różne";"2014";"ha";15;
"1465098";"Rembertów - dzielnica (8)";"ogółem";"2014";"ha";1930;
"1465098";"Rembertów - dzielnica (8)";"użytki rolne razem";"2014";"ha";220;
"1465098";"Rembertów - dzielnica (8)";"użytki rolne - grunty orne";"2014";"ha";169;
"1465098";"Rembertów - dzielnica (8)";"użytki rolne - sady";"2014";"ha";2;
"1465098";"Rembertów - dzielnica (8)";"użytki rolne - łąki trwałe";"2014";"ha";27;
"1465098";"Rembertów - dzielnica (8)";"użytki rolne - pastwiska trwałe";"2014";"ha";17;
"1465098";"Rembertów - dzielnica (8)";"użytki rolne - grunty rolne zabudowane";"2014";"ha";2;
"1465098";"Rembertów - dzielnica (8)";"użytki rolne - grunty pod stawami";"2014";"ha";0;
"1465098";"Rembertów - dzielnica (8)";"użytki rolne - grunty pod rowami";"2014";"ha";3;
"1465098";"Rembertów - dzielnica (8)";"grunty leśne oraz zadrzewione i zakrzewione razem";"2014";"ha";751;
"1465098";"Rembertów - dzielnica (8)";"grunty leśne oraz zadrzewione i zakrzewione - lasy";"2014";"ha";732;
"1465098";"Rembertów - dzielnica (8)";"grunty leśne oraz zadrzewione i zakrzewione - grunty zadrzewione i zakrzewione";"2014";"ha";19;
"1465098";"Rembertów - dzielnica (8)";"grunty pod wodami razem";"2014";"ha";1;
"1465098";"Rembertów - dzielnica (8)";"grunty pod wodami morskimi wewnętrznymi";"2014";"ha";0;
"1465098";"Rembertów - dzielnica (8)";"grunty pod wodami powierzchniowymi płynącymi";"2014";"ha";1;
"1465098";"Rembertów - dzielnica (8)";"grunty pod wodami powierzchniowymi stojącymi";"2014";"ha";0;
"1465098";"Rembertów - dzielnica (8)";"grunty zabudowane i zurbanizowane razem";"2014";"ha";876;
"1465098";"Rembertów - dzielnica (8)";"grunty zabudowane i zurbanizowane - tereny mieszkaniowe";"2014";"ha";324;
"1465098";"Rembertów - dzielnica (8)";"grunty zabudowane i zurbanizowane - tereny przemysłowe";"2014";"ha";171;
"1465098";"Rembertów - dzielnica (8)";"grunty zabudowane i zurbanizowane - tereny inne zabudowane";"2014";"ha";140;
"1465098";"Rembertów - dzielnica (8)";"grunty zabudowane i zurbanizowane - tereny zurbanizowane niezabudowane";"2014";"ha";26;
"1465098";"Rembertów - dzielnica (8)";"grunty zabudowane i zurbanizowane - tereny rekreacji i wypoczynku";"2014";"ha";13;
"1465098";"Rembertów - dzielnica (8)";"grunty zabudowane i zurbanizowane - tereny komunikacyjne - drogi";"2014";"ha";145;
"1465098";"Rembertów - dzielnica (8)";"grunty zabudowane i zurbanizowane - tereny komunikacyjne - kolejowe";"2014";"ha";55;
"1465098";"Rembertów - dzielnica (8)";"grunty zabudowane i zurbanizowane - tereny komunikacyjne - inne";"2014";"ha";2;
"1465098";"Rembertów - dzielnica (8)";"grunty zabudowane i zurbanizowane - użytki kopalne";"2014";"ha";0;
"1465098";"Rembertów - dzielnica (8)";"użytki ekologiczne";"2014";"ha";0;
"1465098";"Rembertów - dzielnica (8)";"nieużytki";"2014";"ha";13;
"1465098";"Rembertów - dzielnica (8)";"tereny różne";"2014";"ha";69;
"1465108";"Śródmieście - dzielnica (8)";"ogółem";"2014";"ha";1557;
"1465108";"Śródmieście - dzielnica (8)";"użytki rolne razem";"2014";"ha";3;
"1465108";"Śródmieście - dzielnica (8)";"użytki rolne - grunty orne";"2014";"ha";3;
"1465108";"Śródmieście - dzielnica (8)";"użytki rolne - sady";"2014";"ha";0;
"1465108";"Śródmieście - dzielnica (8)";"użytki rolne - łąki trwałe";"2014";"ha";0;
"1465108";"Śródmieście - dzielnica (8)";"użytki rolne - pastwiska trwałe";"2014";"ha";0;
"1465108";"Śródmieście - dzielnica (8)";"użytki rolne - grunty rolne zabudowane";"2014";"ha";0;
"1465108";"Śródmieście - dzielnica (8)";"użytki rolne - grunty pod stawami";"2014";"ha";0;
"1465108";"Śródmieście - dzielnica (8)";"użytki rolne - grunty pod rowami";"2014";"ha";0;
"1465108";"Śródmieście - dzielnica (8)";"grunty leśne oraz zadrzewione i zakrzewione razem";"2014";"ha";0;
"1465108";"Śródmieście - dzielnica (8)";"grunty leśne oraz zadrzewione i zakrzewione - lasy";"2014";"ha";0;
"1465108";"Śródmieście - dzielnica (8)";"grunty leśne oraz zadrzewione i zakrzewione - grunty zadrzewione i zakrzewione";"2014";"ha";0;
"1465108";"Śródmieście - dzielnica (8)";"grunty pod wodami razem";"2014";"ha";96;
"1465108";"Śródmieście - dzielnica (8)";"grunty pod wodami morskimi wewnętrznymi";"2014";"ha";0;
"1465108";"Śródmieście - dzielnica (8)";"grunty pod wodami powierzchniowymi płynącymi";"2014";"ha";93;
"1465108";"Śródmieście - dzielnica (8)";"grunty pod wodami powierzchniowymi stojącymi";"2014";"ha";3;
"1465108";"Śródmieście - dzielnica (8)";"grunty zabudowane i zurbanizowane razem";"2014";"ha";1450;
"1465108";"Śródmieście - dzielnica (8)";"grunty zabudowane i zurbanizowane - tereny mieszkaniowe";"2014";"ha";267;
"1465108";"Śródmieście - dzielnica (8)";"grunty zabudowane i zurbanizowane - tereny przemysłowe";"2014";"ha";55;
"1465108";"Śródmieście - dzielnica (8)";"grunty zabudowane i zurbanizowane - tereny inne zabudowane";"2014";"ha";416;
"1465108";"Śródmieście - dzielnica (8)";"grunty zabudowane i zurbanizowane - tereny zurbanizowane niezabudowane";"2014";"ha";9;
"1465108";"Śródmieście - dzielnica (8)";"grunty zabudowane i zurbanizowane - tereny rekreacji i wypoczynku";"2014";"ha";302;
"1465108";"Śródmieście - dzielnica (8)";"grunty zabudowane i zurbanizowane - tereny komunikacyjne - drogi";"2014";"ha";375;
"1465108";"Śródmieście - dzielnica (8)";"grunty zabudowane i zurbanizowane - tereny komunikacyjne - kolejowe";"2014";"ha";19;
"1465108";"Śródmieście - dzielnica (8)";"grunty zabudowane i zurbanizowane - tereny komunikacyjne - inne";"2014";"ha";7;
"1465108";"Śródmieście - dzielnica (8)";"grunty zabudowane i zurbanizowane - użytki kopalne";"2014";"ha";0;
"1465108";"Śródmieście - dzielnica (8)";"użytki ekologiczne";"2014";"ha";0;
"1465108";"Śródmieście - dzielnica (8)";"nieużytki";"2014";"ha";0;
"1465108";"Śródmieście - dzielnica (8)";"tereny różne";"2014";"ha";8;
"1465118";"Targówek - dzielnica (8)";"ogółem";"2014";"ha";2422;
"1465118";"Targówek - dzielnica (8)";"użytki rolne razem";"2014";"ha";497;
"1465118";"Targówek - dzielnica (8)";"użytki rolne - grunty orne";"2014";"ha";378;
"1465118";"Targówek - dzielnica (8)";"użytki rolne - sady";"2014";"ha";0;
"1465118";"Targówek - dzielnica (8)";"użytki rolne - łąki trwałe";"2014";"ha";88;
"1465118";"Targówek - dzielnica (8)";"użytki rolne - pastwiska trwałe";"2014";"ha";20;
"1465118";"Targówek - dzielnica (8)";"użytki rolne - grunty rolne zabudowane";"2014";"ha";2;
"1465118";"Targówek - dzielnica (8)";"użytki rolne - grunty pod stawami";"2014";"ha";0;
"1465118";"Targówek - dzielnica (8)";"użytki rolne - grunty pod rowami";"2014";"ha";9;
"1465118";"Targówek - dzielnica (8)";"grunty leśne oraz zadrzewione i zakrzewione razem";"2014";"ha";193;
"1465118";"Targówek - dzielnica (8)";"grunty leśne oraz zadrzewione i zakrzewione - lasy";"2014";"ha";186;
"1465118";"Targówek - dzielnica (8)";"grunty leśne oraz zadrzewione i zakrzewione - grunty zadrzewione i zakrzewione";"2014";"ha";7;
"1465118";"Targówek - dzielnica (8)";"grunty pod wodami razem";"2014";"ha";9;
"1465118";"Targówek - dzielnica (8)";"grunty pod wodami morskimi wewnętrznymi";"2014";"ha";0;
"1465118";"Targówek - dzielnica (8)";"grunty pod wodami powierzchniowymi płynącymi";"2014";"ha";9;
"1465118";"Targówek - dzielnica (8)";"grunty pod wodami powierzchniowymi stojącymi";"2014";"ha";0;
"1465118";"Targówek - dzielnica (8)";"grunty zabudowane i zurbanizowane razem";"2014";"ha";1720;
"1465118";"Targówek - dzielnica (8)";"grunty zabudowane i zurbanizowane - tereny mieszkaniowe";"2014";"ha";528;
"1465118";"Targówek - dzielnica (8)";"grunty zabudowane i zurbanizowane - tereny przemysłowe";"2014";"ha";145;
"1465118";"Targówek - dzielnica (8)";"grunty zabudowane i zurbanizowane - tereny inne zabudowane";"2014";"ha";446;
"1465118";"Targówek - dzielnica (8)";"grunty zabudowane i zurbanizowane - tereny zurbanizowane niezabudowane";"2014";"ha";92;
"1465118";"Targówek - dzielnica (8)";"grunty zabudowane i zurbanizowane - tereny rekreacji i wypoczynku";"2014";"ha";48;
"1465118";"Targówek - dzielnica (8)";"grunty zabudowane i zurbanizowane - tereny komunikacyjne - drogi";"2014";"ha";383;
"1465118";"Targówek - dzielnica (8)";"grunty zabudowane i zurbanizowane - tereny komunikacyjne - kolejowe";"2014";"ha";66;
"1465118";"Targówek - dzielnica (8)";"grunty zabudowane i zurbanizowane - tereny komunikacyjne - inne";"2014";"ha";12;
"1465118";"Targówek - dzielnica (8)";"grunty zabudowane i zurbanizowane - użytki kopalne";"2014";"ha";0;
"1465118";"Targówek - dzielnica (8)";"użytki ekologiczne";"2014";"ha";0;
"1465118";"Targówek - dzielnica (8)";"nieużytki";"2014";"ha";2;
"1465118";"Targówek - dzielnica (8)";"tereny różne";"2014";"ha";1;
"1465128";"Ursus - dzielnica (8)";"ogółem";"2014";"ha";936;
"1465128";"Ursus - dzielnica (8)";"użytki rolne razem";"2014";"ha";169;
"1465128";"Ursus - dzielnica (8)";"użytki rolne - grunty orne";"2014";"ha";136;
"1465128";"Ursus - dzielnica (8)";"użytki rolne - sady";"2014";"ha";17;
"1465128";"Ursus - dzielnica (8)";"użytki rolne - łąki trwałe";"2014";"ha";0;
"1465128";"Ursus - dzielnica (8)";"użytki rolne - pastwiska trwałe";"2014";"ha";0;
"1465128";"Ursus - dzielnica (8)";"użytki rolne - grunty rolne zabudowane";"2014";"ha";15;
"1465128";"Ursus - dzielnica (8)";"użytki rolne - grunty pod stawami";"2014";"ha";0;
"1465128";"Ursus - dzielnica (8)";"użytki rolne - grunty pod rowami";"2014";"ha";1;
"1465128";"Ursus - dzielnica (8)";"grunty leśne oraz zadrzewione i zakrzewione razem";"2014";"ha";0;
"1465128";"Ursus - dzielnica (8)";"grunty leśne oraz zadrzewione i zakrzewione - lasy";"2014";"ha";0;
"1465128";"Ursus - dzielnica (8)";"grunty leśne oraz zadrzewione i zakrzewione - grunty zadrzewione i zakrzewione";"2014";"ha";0;
"1465128";"Ursus - dzielnica (8)";"grunty pod wodami razem";"2014";"ha";0;
"1465128";"Ursus - dzielnica (8)";"grunty pod wodami morskimi wewnętrznymi";"2014";"ha";0;
"1465128";"Ursus - dzielnica (8)";"grunty pod wodami powierzchniowymi płynącymi";"2014";"ha";0;
"1465128";"Ursus - dzielnica (8)";"grunty pod wodami powierzchniowymi stojącymi";"2014";"ha";0;
"1465128";"Ursus - dzielnica (8)";"grunty zabudowane i zurbanizowane razem";"2014";"ha";766;
"1465128";"Ursus - dzielnica (8)";"grunty zabudowane i zurbanizowane - tereny mieszkaniowe";"2014";"ha";312;
"1465128";"Ursus - dzielnica (8)";"grunty zabudowane i zurbanizowane - tereny przemysłowe";"2014";"ha";153;
"1465128";"Ursus - dzielnica (8)";"grunty zabudowane i zurbanizowane - tereny inne zabudowane";"2014";"ha";83;
"1465128";"Ursus - dzielnica (8)";"grunty zabudowane i zurbanizowane - tereny zurbanizowane niezabudowane";"2014";"ha";45;
"1465128";"Ursus - dzielnica (8)";"grunty zabudowane i zurbanizowane - tereny rekreacji i wypoczynku";"2014";"ha";8;
"1465128";"Ursus - dzielnica (8)";"grunty zabudowane i zurbanizowane - tereny komunikacyjne - drogi";"2014";"ha";156;
"1465128";"Ursus - dzielnica (8)";"grunty zabudowane i zurbanizowane - tereny komunikacyjne - kolejowe";"2014";"ha";8;
"1465128";"Ursus - dzielnica (8)";"grunty zabudowane i zurbanizowane - tereny komunikacyjne - inne";"2014";"ha";1;
"1465128";"Ursus - dzielnica (8)";"grunty zabudowane i zurbanizowane - użytki kopalne";"2014";"ha";0;
"1465128";"Ursus - dzielnica (8)";"użytki ekologiczne";"2014";"ha";0;
"1465128";"Ursus - dzielnica (8)";"nieużytki";"2014";"ha";1;
"1465128";"Ursus - dzielnica (8)";"tereny różne";"2014";"ha";0;
"1465138";"Ursynów - dzielnica (8)";"ogółem";"2014";"ha";4379;
"1465138";"Ursynów - dzielnica (8)";"użytki rolne razem";"2014";"ha";1155;
"1465138";"Ursynów - dzielnica (8)";"użytki rolne - grunty orne";"2014";"ha";947;
"1465138";"Ursynów - dzielnica (8)";"użytki rolne - sady";"2014";"ha";79;
"1465138";"Ursynów - dzielnica (8)";"użytki rolne - łąki trwałe";"2014";"ha";15;
"1465138";"Ursynów - dzielnica (8)";"użytki rolne - pastwiska trwałe";"2014";"ha";15;
"1465138";"Ursynów - dzielnica (8)";"użytki rolne - grunty rolne zabudowane";"2014";"ha";87;
"1465138";"Ursynów - dzielnica (8)";"użytki rolne - grunty pod stawami";"2014";"ha";0;
"1465138";"Ursynów - dzielnica (8)";"użytki rolne - grunty pod rowami";"2014";"ha";12;
"1465138";"Ursynów - dzielnica (8)";"grunty leśne oraz zadrzewione i zakrzewione razem";"2014";"ha";925;
"1465138";"Ursynów - dzielnica (8)";"grunty leśne oraz zadrzewione i zakrzewione - lasy";"2014";"ha";915;
"1465138";"Ursynów - dzielnica (8)";"grunty leśne oraz zadrzewione i zakrzewione - grunty zadrzewione i zakrzewione";"2014";"ha";10;
"1465138";"Ursynów - dzielnica (8)";"grunty pod wodami razem";"2014";"ha";6;
"1465138";"Ursynów - dzielnica (8)";"grunty pod wodami morskimi wewnętrznymi";"2014";"ha";0;
"1465138";"Ursynów - dzielnica (8)";"grunty pod wodami powierzchniowymi płynącymi";"2014";"ha";1;
"1465138";"Ursynów - dzielnica (8)";"grunty pod wodami powierzchniowymi stojącymi";"2014";"ha";5;
"1465138";"Ursynów - dzielnica (8)";"grunty zabudowane i zurbanizowane razem";"2014";"ha";2243;
"1465138";"Ursynów - dzielnica (8)";"grunty zabudowane i zurbanizowane - tereny mieszkaniowe";"2014";"ha";809;
"1465138";"Ursynów - dzielnica (8)";"grunty zabudowane i zurbanizowane - tereny przemysłowe";"2014";"ha";90;
"1465138";"Ursynów - dzielnica (8)";"grunty zabudowane i zurbanizowane - tereny inne zabudowane";"2014";"ha";346;
"1465138";"Ursynów - dzielnica (8)";"grunty zabudowane i zurbanizowane - tereny zurbanizowane niezabudowane";"2014";"ha";156;
"1465138";"Ursynów - dzielnica (8)";"grunty zabudowane i zurbanizowane - tereny rekreacji i wypoczynku";"2014";"ha";234;
"1465138";"Ursynów - dzielnica (8)";"grunty zabudowane i zurbanizowane - tereny komunikacyjne - drogi";"2014";"ha";495;
"1465138";"Ursynów - dzielnica (8)";"grunty zabudowane i zurbanizowane - tereny komunikacyjne - kolejowe";"2014";"ha";73;
"1465138";"Ursynów - dzielnica (8)";"grunty zabudowane i zurbanizowane - tereny komunikacyjne - inne";"2014";"ha";40;
"1465138";"Ursynów - dzielnica (8)";"grunty zabudowane i zurbanizowane - użytki kopalne";"2014";"ha";0;
"1465138";"Ursynów - dzielnica (8)";"użytki ekologiczne";"2014";"ha";4;
"1465138";"Ursynów - dzielnica (8)";"nieużytki";"2014";"ha";33;
"1465138";"Ursynów - dzielnica (8)";"tereny różne";"2014";"ha";13;
"1465148";"Wawer - dzielnica (8)";"ogółem";"2014";"ha";7970;
"1465148";"Wawer - dzielnica (8)";"użytki rolne razem";"2014";"ha";2105;
"1465148";"Wawer - dzielnica (8)";"użytki rolne - grunty orne";"2014";"ha";1473;
"1465148";"Wawer - dzielnica (8)";"użytki rolne - sady";"2014";"ha";12;
"1465148";"Wawer - dzielnica (8)";"użytki rolne - łąki trwałe";"2014";"ha";327;
"1465148";"Wawer - dzielnica (8)";"użytki rolne - pastwiska trwałe";"2014";"ha";185;
"1465148";"Wawer - dzielnica (8)";"użytki rolne - grunty rolne zabudowane";"2014";"ha";91;
"1465148";"Wawer - dzielnica (8)";"użytki rolne - grunty pod stawami";"2014";"ha";0;
"1465148";"Wawer - dzielnica (8)";"użytki rolne - grunty pod rowami";"2014";"ha";17;
"1465148";"Wawer - dzielnica (8)";"grunty leśne oraz zadrzewione i zakrzewione razem";"2014";"ha";2920;
"1465148";"Wawer - dzielnica (8)";"grunty leśne oraz zadrzewione i zakrzewione - lasy";"2014";"ha";2703;
"1465148";"Wawer - dzielnica (8)";"grunty leśne oraz zadrzewione i zakrzewione - grunty zadrzewione i zakrzewione";"2014";"ha";217;
"1465148";"Wawer - dzielnica (8)";"grunty pod wodami razem";"2014";"ha";326;
"1465148";"Wawer - dzielnica (8)";"grunty pod wodami morskimi wewnętrznymi";"2014";"ha";0;
"1465148";"Wawer - dzielnica (8)";"grunty pod wodami powierzchniowymi płynącymi";"2014";"ha";326;
"1465148";"Wawer - dzielnica (8)";"grunty pod wodami powierzchniowymi stojącymi";"2014";"ha";0;
"1465148";"Wawer - dzielnica (8)";"grunty zabudowane i zurbanizowane razem";"2014";"ha";2553;
"1465148";"Wawer - dzielnica (8)";"grunty zabudowane i zurbanizowane - tereny mieszkaniowe";"2014";"ha";1475;
"1465148";"Wawer - dzielnica (8)";"grunty zabudowane i zurbanizowane - tereny przemysłowe";"2014";"ha";54;
"1465148";"Wawer - dzielnica (8)";"grunty zabudowane i zurbanizowane - tereny inne zabudowane";"2014";"ha";289;
"1465148";"Wawer - dzielnica (8)";"grunty zabudowane i zurbanizowane - tereny zurbanizowane niezabudowane";"2014";"ha";83;
"1465148";"Wawer - dzielnica (8)";"grunty zabudowane i zurbanizowane - tereny rekreacji i wypoczynku";"2014";"ha";18;
"1465148";"Wawer - dzielnica (8)";"grunty zabudowane i zurbanizowane - tereny komunikacyjne - drogi";"2014";"ha";580;
"1465148";"Wawer - dzielnica (8)";"grunty zabudowane i zurbanizowane - tereny komunikacyjne - kolejowe";"2014";"ha";53;
"1465148";"Wawer - dzielnica (8)";"grunty zabudowane i zurbanizowane - tereny komunikacyjne - inne";"2014";"ha";1;
"1465148";"Wawer - dzielnica (8)";"grunty zabudowane i zurbanizowane - użytki kopalne";"2014";"ha";0;
"1465148";"Wawer - dzielnica (8)";"użytki ekologiczne";"2014";"ha";0;
"1465148";"Wawer - dzielnica (8)";"nieużytki";"2014";"ha";43;
"1465148";"Wawer - dzielnica (8)";"tereny różne";"2014";"ha";23;
"1465158";"Wesoła - dzielnica (8)";"ogółem";"2014";"ha";2294;
"1465158";"Wesoła - dzielnica (8)";"użytki rolne razem";"2014";"ha";156;
"1465158";"Wesoła - dzielnica (8)";"użytki rolne - grunty orne";"2014";"ha";113;
"1465158";"Wesoła - dzielnica (8)";"użytki rolne - sady";"2014";"ha";0;
"1465158";"Wesoła - dzielnica (8)";"użytki rolne - łąki trwałe";"2014";"ha";9;
"1465158";"Wesoła - dzielnica (8)";"użytki rolne - pastwiska trwałe";"2014";"ha";16;
"1465158";"Wesoła - dzielnica (8)";"użytki rolne - grunty rolne zabudowane";"2014";"ha";17;
"1465158";"Wesoła - dzielnica (8)";"użytki rolne - grunty pod stawami";"2014";"ha";0;
"1465158";"Wesoła - dzielnica (8)";"użytki rolne - grunty pod rowami";"2014";"ha";1;
"1465158";"Wesoła - dzielnica (8)";"grunty leśne oraz zadrzewione i zakrzewione razem";"2014";"ha";1302;
"1465158";"Wesoła - dzielnica (8)";"grunty leśne oraz zadrzewione i zakrzewione - lasy";"2014";"ha";1272;
"1465158";"Wesoła - dzielnica (8)";"grunty leśne oraz zadrzewione i zakrzewione - grunty zadrzewione i zakrzewione";"2014";"ha";30;
"1465158";"Wesoła - dzielnica (8)";"grunty pod wodami razem";"2014";"ha";4;
"1465158";"Wesoła - dzielnica (8)";"grunty pod wodami morskimi wewnętrznymi";"2014";"ha";0;
"1465158";"Wesoła - dzielnica (8)";"grunty pod wodami powierzchniowymi płynącymi";"2014";"ha";4;
"1465158";"Wesoła - dzielnica (8)";"grunty pod wodami powierzchniowymi stojącymi";"2014";"ha";0;
"1465158";"Wesoła - dzielnica (8)";"grunty zabudowane i zurbanizowane razem";"2014";"ha";779;
"1465158";"Wesoła - dzielnica (8)";"grunty zabudowane i zurbanizowane - tereny mieszkaniowe";"2014";"ha";389;
"1465158";"Wesoła - dzielnica (8)";"grunty zabudowane i zurbanizowane - tereny przemysłowe";"2014";"ha";7;
"1465158";"Wesoła - dzielnica (8)";"grunty zabudowane i zurbanizowane - tereny inne zabudowane";"2014";"ha";121;
"1465158";"Wesoła - dzielnica (8)";"grunty zabudowane i zurbanizowane - tereny zurbanizowane niezabudowane";"2014";"ha";30;
"1465158";"Wesoła - dzielnica (8)";"grunty zabudowane i zurbanizowane - tereny rekreacji i wypoczynku";"2014";"ha";1;
"1465158";"Wesoła - dzielnica (8)";"grunty zabudowane i zurbanizowane - tereny komunikacyjne - drogi";"2014";"ha";202;
"1465158";"Wesoła - dzielnica (8)";"grunty zabudowane i zurbanizowane - tereny komunikacyjne - kolejowe";"2014";"ha";29;
"1465158";"Wesoła - dzielnica (8)";"grunty zabudowane i zurbanizowane - tereny komunikacyjne - inne";"2014";"ha";0;
"1465158";"Wesoła - dzielnica (8)";"grunty zabudowane i zurbanizowane - użytki kopalne";"2014";"ha";0;
"1465158";"Wesoła - dzielnica (8)";"użytki ekologiczne";"2014";"ha";0;
"1465158";"Wesoła - dzielnica (8)";"nieużytki";"2014";"ha";53;
"1465158";"Wesoła - dzielnica (8)";"tereny różne";"2014";"ha";0;
"1465168";"Wilanów - dzielnica (8)";"ogółem";"2014";"ha";3673;
"1465168";"Wilanów - dzielnica (8)";"użytki rolne razem";"2014";"ha";2248;
"1465168";"Wilanów - dzielnica (8)";"użytki rolne - grunty orne";"2014";"ha";1726;
"1465168";"Wilanów - dzielnica (8)";"użytki rolne - sady";"2014";"ha";38;
"1465168";"Wilanów - dzielnica (8)";"użytki rolne - łąki trwałe";"2014";"ha";186;
"1465168";"Wilanów - dzielnica (8)";"użytki rolne - pastwiska trwałe";"2014";"ha";167;
"1465168";"Wilanów - dzielnica (8)";"użytki rolne - grunty rolne zabudowane";"2014";"ha";87;
"1465168";"Wilanów - dzielnica (8)";"użytki rolne - grunty pod stawami";"2014";"ha";0;
"1465168";"Wilanów - dzielnica (8)";"użytki rolne - grunty pod rowami";"2014";"ha";44;
"1465168";"Wilanów - dzielnica (8)";"grunty leśne oraz zadrzewione i zakrzewione razem";"2014";"ha";275;
"1465168";"Wilanów - dzielnica (8)";"grunty leśne oraz zadrzewione i zakrzewione - lasy";"2014";"ha";244;
"1465168";"Wilanów - dzielnica (8)";"grunty leśne oraz zadrzewione i zakrzewione - grunty zadrzewione i zakrzewione";"2014";"ha";31;
"1465168";"Wilanów - dzielnica (8)";"grunty pod wodami razem";"2014";"ha";268;
"1465168";"Wilanów - dzielnica (8)";"grunty pod wodami morskimi wewnętrznymi";"2014";"ha";0;
"1465168";"Wilanów - dzielnica (8)";"grunty pod wodami powierzchniowymi płynącymi";"2014";"ha";248;
"1465168";"Wilanów - dzielnica (8)";"grunty pod wodami powierzchniowymi stojącymi";"2014";"ha";20;
"1465168";"Wilanów - dzielnica (8)";"grunty zabudowane i zurbanizowane razem";"2014";"ha";796;
"1465168";"Wilanów - dzielnica (8)";"grunty zabudowane i zurbanizowane - tereny mieszkaniowe";"2014";"ha";350;
"1465168";"Wilanów - dzielnica (8)";"grunty zabudowane i zurbanizowane - tereny przemysłowe";"2014";"ha";81;
"1465168";"Wilanów - dzielnica (8)";"grunty zabudowane i zurbanizowane - tereny inne zabudowane";"2014";"ha";97;
"1465168";"Wilanów - dzielnica (8)";"grunty zabudowane i zurbanizowane - tereny zurbanizowane niezabudowane";"2014";"ha";18;
"1465168";"Wilanów - dzielnica (8)";"grunty zabudowane i zurbanizowane - tereny rekreacji i wypoczynku";"2014";"ha";10;
"1465168";"Wilanów - dzielnica (8)";"grunty zabudowane i zurbanizowane - tereny komunikacyjne - drogi";"2014";"ha";229;
"1465168";"Wilanów - dzielnica (8)";"grunty zabudowane i zurbanizowane - tereny komunikacyjne - kolejowe";"2014";"ha";10;
"1465168";"Wilanów - dzielnica (8)";"grunty zabudowane i zurbanizowane - tereny komunikacyjne - inne";"2014";"ha";1;
"1465168";"Wilanów - dzielnica (8)";"grunty zabudowane i zurbanizowane - użytki kopalne";"2014";"ha";0;
"1465168";"Wilanów - dzielnica (8)";"użytki ekologiczne";"2014";"ha";4;
"1465168";"Wilanów - dzielnica (8)";"nieużytki";"2014";"ha";56;
"1465168";"Wilanów - dzielnica (8)";"tereny różne";"2014";"ha";26;
"1465178";"Włochy - dzielnica (8)";"ogółem";"2014";"ha";2863;
"1465178";"Włochy - dzielnica (8)";"użytki rolne razem";"2014";"ha";685;
"1465178";"Włochy - dzielnica (8)";"użytki rolne - grunty orne";"2014";"ha";656;
"1465178";"Włochy - dzielnica (8)";"użytki rolne - sady";"2014";"ha";1;
"1465178";"Włochy - dzielnica (8)";"użytki rolne - łąki trwałe";"2014";"ha";1;
"1465178";"Włochy - dzielnica (8)";"użytki rolne - pastwiska trwałe";"2014";"ha";11;
"1465178";"Włochy - dzielnica (8)";"użytki rolne - grunty rolne zabudowane";"2014";"ha";14;
"1465178";"Włochy - dzielnica (8)";"użytki rolne - grunty pod stawami";"2014";"ha";0;
"1465178";"Włochy - dzielnica (8)";"użytki rolne - grunty pod rowami";"2014";"ha";2;
"1465178";"Włochy - dzielnica (8)";"grunty leśne oraz zadrzewione i zakrzewione razem";"2014";"ha";59;
"1465178";"Włochy - dzielnica (8)";"grunty leśne oraz zadrzewione i zakrzewione - lasy";"2014";"ha";4;
"1465178";"Włochy - dzielnica (8)";"grunty leśne oraz zadrzewione i zakrzewione - grunty zadrzewione i zakrzewione";"2014";"ha";55;
"1465178";"Włochy - dzielnica (8)";"grunty pod wodami razem";"2014";"ha";9;
"1465178";"Włochy - dzielnica (8)";"grunty pod wodami morskimi wewnętrznymi";"2014";"ha";0;
"1465178";"Włochy - dzielnica (8)";"grunty pod wodami powierzchniowymi płynącymi";"2014";"ha";0;
"1465178";"Włochy - dzielnica (8)";"grunty pod wodami powierzchniowymi stojącymi";"2014";"ha";9;
"1465178";"Włochy - dzielnica (8)";"grunty zabudowane i zurbanizowane razem";"2014";"ha";2095;
"1465178";"Włochy - dzielnica (8)";"grunty zabudowane i zurbanizowane - tereny mieszkaniowe";"2014";"ha";393;
"1465178";"Włochy - dzielnica (8)";"grunty zabudowane i zurbanizowane - tereny przemysłowe";"2014";"ha";154;
"1465178";"Włochy - dzielnica (8)";"grunty zabudowane i zurbanizowane - tereny inne zabudowane";"2014";"ha";564;
"1465178";"Włochy - dzielnica (8)";"grunty zabudowane i zurbanizowane - tereny zurbanizowane niezabudowane";"2014";"ha";52;
"1465178";"Włochy - dzielnica (8)";"grunty zabudowane i zurbanizowane - tereny rekreacji i wypoczynku";"2014";"ha";22;
"1465178";"Włochy - dzielnica (8)";"grunty zabudowane i zurbanizowane - tereny komunikacyjne - drogi";"2014";"ha";388;
"1465178";"Włochy - dzielnica (8)";"grunty zabudowane i zurbanizowane - tereny komunikacyjne - kolejowe";"2014";"ha";44;
"1465178";"Włochy - dzielnica (8)";"grunty zabudowane i zurbanizowane - tereny komunikacyjne - inne";"2014";"ha";478;
"1465178";"Włochy - dzielnica (8)";"grunty zabudowane i zurbanizowane - użytki kopalne";"2014";"ha";0;
"1465178";"Włochy - dzielnica (8)";"użytki ekologiczne";"2014";"ha";0;
"1465178";"Włochy - dzielnica (8)";"nieużytki";"2014";"ha";2;
"1465178";"Włochy - dzielnica (8)";"tereny różne";"2014";"ha";13;
"1465188";"Wola - dzielnica (8)";"ogółem";"2014";"ha";1926;
"1465188";"Wola - dzielnica (8)";"użytki rolne razem";"2014";"ha";49;
"1465188";"Wola - dzielnica (8)";"użytki rolne - grunty orne";"2014";"ha";47;
"1465188";"Wola - dzielnica (8)";"użytki rolne - sady";"2014";"ha";0;
"1465188";"Wola - dzielnica (8)";"użytki rolne - łąki trwałe";"2014";"ha";0;
"1465188";"Wola - dzielnica (8)";"użytki rolne - pastwiska trwałe";"2014";"ha";0;
"1465188";"Wola - dzielnica (8)";"użytki rolne - grunty rolne zabudowane";"2014";"ha";2;
"1465188";"Wola - dzielnica (8)";"użytki rolne - grunty pod stawami";"2014";"ha";0;
"1465188";"Wola - dzielnica (8)";"użytki rolne - grunty pod rowami";"2014";"ha";0;
"1465188";"Wola - dzielnica (8)";"grunty leśne oraz zadrzewione i zakrzewione razem";"2014";"ha";51;
"1465188";"Wola - dzielnica (8)";"grunty leśne oraz zadrzewione i zakrzewione - lasy";"2014";"ha";46;
"1465188";"Wola - dzielnica (8)";"grunty leśne oraz zadrzewione i zakrzewione - grunty zadrzewione i zakrzewione";"2014";"ha";5;
"1465188";"Wola - dzielnica (8)";"grunty pod wodami razem";"2014";"ha";0;
"1465188";"Wola - dzielnica (8)";"grunty pod wodami morskimi wewnętrznymi";"2014";"ha";0;
"1465188";"Wola - dzielnica (8)";"grunty pod wodami powierzchniowymi płynącymi";"2014";"ha";0;
"1465188";"Wola - dzielnica (8)";"grunty pod wodami powierzchniowymi stojącymi";"2014";"ha";0;
"1465188";"Wola - dzielnica (8)";"grunty zabudowane i zurbanizowane razem";"2014";"ha";1825;
"1465188";"Wola - dzielnica (8)";"grunty zabudowane i zurbanizowane - tereny mieszkaniowe";"2014";"ha";356;
"1465188";"Wola - dzielnica (8)";"grunty zabudowane i zurbanizowane - tereny przemysłowe";"2014";"ha";172;
"1465188";"Wola - dzielnica (8)";"grunty zabudowane i zurbanizowane - tereny inne zabudowane";"2014";"ha";515;
"1465188";"Wola - dzielnica (8)";"grunty zabudowane i zurbanizowane - tereny zurbanizowane niezabudowane";"2014";"ha";72;
"1465188";"Wola - dzielnica (8)";"grunty zabudowane i zurbanizowane - tereny rekreacji i wypoczynku";"2014";"ha";83;
"1465188";"Wola - dzielnica (8)";"grunty zabudowane i zurbanizowane - tereny komunikacyjne - drogi";"2014";"ha";320;
"1465188";"Wola - dzielnica (8)";"grunty zabudowane i zurbanizowane - tereny komunikacyjne - kolejowe";"2014";"ha";305;
"1465188";"Wola - dzielnica (8)";"grunty zabudowane i zurbanizowane - tereny komunikacyjne - inne";"2014";"ha";2;
"1465188";"Wola - dzielnica (8)";"grunty zabudowane i zurbanizowane - użytki kopalne";"2014";"ha";0;
"1465188";"Wola - dzielnica (8)";"użytki ekologiczne";"2014";"ha";0;
"1465188";"Wola - dzielnica (8)";"nieużytki";"2014";"ha";0;
"1465188";"Wola - dzielnica (8)";"tereny różne";"2014";"ha";1;
"1465198";"Żoliborz - dzielnica (8)";"ogółem";"2014";"ha";847;
"1465198";"Żoliborz - dzielnica (8)";"użytki rolne razem";"2014";"ha";0;
"1465198";"Żoliborz - dzielnica (8)";"użytki rolne - grunty orne";"2014";"ha";0;
"1465198";"Żoliborz - dzielnica (8)";"użytki rolne - sady";"2014";"ha";0;
"1465198";"Żoliborz - dzielnica (8)";"użytki rolne - łąki trwałe";"2014";"ha";0;
"1465198";"Żoliborz - dzielnica (8)";"użytki rolne - pastwiska trwałe";"2014";"ha";0;
"1465198";"Żoliborz - dzielnica (8)";"użytki rolne - grunty rolne zabudowane";"2014";"ha";0;
"1465198";"Żoliborz - dzielnica (8)";"użytki rolne - grunty pod stawami";"2014";"ha";0;
"1465198";"Żoliborz - dzielnica (8)";"użytki rolne - grunty pod rowami";"2014";"ha";0;
"1465198";"Żoliborz - dzielnica (8)";"grunty leśne oraz zadrzewione i zakrzewione razem";"2014";"ha";0;
"1465198";"Żoliborz - dzielnica (8)";"grunty leśne oraz zadrzewione i zakrzewione - lasy";"2014";"ha";0;
"1465198";"Żoliborz - dzielnica (8)";"grunty leśne oraz zadrzewione i zakrzewione - grunty zadrzewione i zakrzewione";"2014";"ha";0;
"1465198";"Żoliborz - dzielnica (8)";"grunty pod wodami razem";"2014";"ha";63;
"1465198";"Żoliborz - dzielnica (8)";"grunty pod wodami morskimi wewnętrznymi";"2014";"ha";0;
"1465198";"Żoliborz - dzielnica (8)";"grunty pod wodami powierzchniowymi płynącymi";"2014";"ha";58;
"1465198";"Żoliborz - dzielnica (8)";"grunty pod wodami powierzchniowymi stojącymi";"2014";"ha";5;
"1465198";"Żoliborz - dzielnica (8)";"grunty zabudowane i zurbanizowane razem";"2014";"ha";783;
"1465198";"Żoliborz - dzielnica (8)";"grunty zabudowane i zurbanizowane - tereny mieszkaniowe";"2014";"ha";197;
"1465198";"Żoliborz - dzielnica (8)";"grunty zabudowane i zurbanizowane - tereny przemysłowe";"2014";"ha";9;
"1465198";"Żoliborz - dzielnica (8)";"grunty zabudowane i zurbanizowane - tereny inne zabudowane";"2014";"ha";160;
"1465198";"Żoliborz - dzielnica (8)";"grunty zabudowane i zurbanizowane - tereny zurbanizowane niezabudowane";"2014";"ha";37;
"1465198";"Żoliborz - dzielnica (8)";"grunty zabudowane i zurbanizowane - tereny rekreacji i wypoczynku";"2014";"ha";161;
"1465198";"Żoliborz - dzielnica (8)";"grunty zabudowane i zurbanizowane - tereny komunikacyjne - drogi";"2014";"ha";215;
"1465198";"Żoliborz - dzielnica (8)";"grunty zabudowane i zurbanizowane - tereny komunikacyjne - kolejowe";"2014";"ha";3;
"1465198";"Żoliborz - dzielnica (8)";"grunty zabudowane i zurbanizowane - tereny komunikacyjne - inne";"2014";"ha";1;
"1465198";"Żoliborz - dzielnica (8)";"grunty zabudowane i zurbanizowane - użytki kopalne";"2014";"ha";0;
"1465198";"Żoliborz - dzielnica (8)";"użytki ekologiczne";"2014";"ha";0;
"1465198";"Żoliborz - dzielnica (8)";"nieużytki";"2014";"ha";0;
"1465198";"Żoliborz - dzielnica (8)";"tereny różne";"2014";"ha";1;
"1465998";"GMINY-DZIELNICY WARSZAWY NIE USTALONO (8)";"ogółem";"2014";"ha";0;
"1465998";"GMINY-DZIELNICY WARSZAWY NIE USTALONO (8)";"użytki rolne razem";"2014";"ha";0;
"1465998";"GMINY-DZIELNICY WARSZAWY NIE USTALONO (8)";"użytki rolne - grunty orne";"2014";"ha";0;
"1465998";"GMINY-DZIELNICY WARSZAWY NIE USTALONO (8)";"użytki rolne - sady";"2014";"ha";0;
"1465998";"GMINY-DZIELNICY WARSZAWY NIE USTALONO (8)";"użytki rolne - łąki trwałe";"2014";"ha";0;
"1465998";"GMINY-DZIELNICY WARSZAWY NIE USTALONO (8)";"użytki rolne - pastwiska trwałe";"2014";"ha";0;
"1465998";"GMINY-DZIELNICY WARSZAWY NIE USTALONO (8)";"użytki rolne - grunty rolne zabudowane";"2014";"ha";0;
"1465998";"GMINY-DZIELNICY WARSZAWY NIE USTALONO (8)";"użytki rolne - grunty pod stawami";"2014";"ha";0;
"1465998";"GMINY-DZIELNICY WARSZAWY NIE USTALONO (8)";"użytki rolne - grunty pod rowami";"2014";"ha";0;
"1465998";"GMINY-DZIELNICY WARSZAWY NIE USTALONO (8)";"grunty leśne oraz zadrzewione i zakrzewione razem";"2014";"ha";0;
"1465998";"GMINY-DZIELNICY WARSZAWY NIE USTALONO (8)";"grunty leśne oraz zadrzewione i zakrzewione - lasy";"2014";"ha";0;
"1465998";"GMINY-DZIELNICY WARSZAWY NIE USTALONO (8)";"grunty leśne oraz zadrzewione i zakrzewione - grunty zadrzewione i zakrzewione";"2014";"ha";0;
"1465998";"GMINY-DZIELNICY WARSZAWY NIE USTALONO (8)";"grunty pod wodami razem";"2014";"ha";0;
"1465998";"GMINY-DZIELNICY WARSZAWY NIE USTALONO (8)";"grunty pod wodami morskimi wewnętrznymi";"2014";"ha";0;
"1465998";"GMINY-DZIELNICY WARSZAWY NIE USTALONO (8)";"grunty pod wodami powierzchniowymi płynącymi";"2014";"ha";0;
"1465998";"GMINY-DZIELNICY WARSZAWY NIE USTALONO (8)";"grunty pod wodami powierzchniowymi stojącymi";"2014";"ha";0;
"1465998";"GMINY-DZIELNICY WARSZAWY NIE USTALONO (8)";"grunty zabudowane i zurbanizowane razem";"2014";"ha";0;
"1465998";"GMINY-DZIELNICY WARSZAWY NIE USTALONO (8)";"grunty zabudowane i zurbanizowane - tereny mieszkaniowe";"2014";"ha";0;
"1465998";"GMINY-DZIELNICY WARSZAWY NIE USTALONO (8)";"grunty zabudowane i zurbanizowane - tereny przemysłowe";"2014";"ha";0;
"1465998";"GMINY-DZIELNICY WARSZAWY NIE USTALONO (8)";"grunty zabudowane i zurbanizowane - tereny inne zabudowane";"2014";"ha";0;
"1465998";"GMINY-DZIELNICY WARSZAWY NIE USTALONO (8)";"grunty zabudowane i zurbanizowane - tereny zurbanizowane niezabudowane";"2014";"ha";0;
"1465998";"GMINY-DZIELNICY WARSZAWY NIE USTALONO (8)";"grunty zabudowane i zurbanizowane - tereny rekreacji i wypoczynku";"2014";"ha";0;
"1465998";"GMINY-DZIELNICY WARSZAWY NIE USTALONO (8)";"grunty zabudowane i zurbanizowane - tereny komunikacyjne - drogi";"2014";"ha";0;
"1465998";"GMINY-DZIELNICY WARSZAWY NIE USTALONO (8)";"grunty zabudowane i zurbanizowane - tereny komunikacyjne - kolejowe";"2014";"ha";0;
"1465998";"GMINY-DZIELNICY WARSZAWY NIE USTALONO (8)";"grunty zabudowane i zurbanizowane - tereny komunikacyjne - inne";"2014";"ha";0;
"1465998";"GMINY-DZIELNICY WARSZAWY NIE USTALONO (8)";"grunty zabudowane i zurbanizowane - użytki kopalne";"2014";"ha";0;
"1465998";"GMINY-DZIELNICY WARSZAWY NIE USTALONO (8)";"użytki ekologiczne";"2014";"ha";0;
"1465998";"GMINY-DZIELNICY WARSZAWY NIE USTALONO (8)";"nieużytki";"2014";"ha";0;
"1465998";"GMINY-DZIELNICY WARSZAWY NIE USTALONO (8)";"tereny różne";"2014";"ha";0;

